Actual,Predicted,Difference
4,5.315162882475903,-1.315162882475903
6,5.882932292248967,0.11706770775103337
6,5.70844860718384,0.29155139281616016
5,5.103458249639402,-0.10345824963940231
6,5.967795059305587,0.03220494069441315
5,5.118901288504077,-0.11890128850407677
7,6.491416287033331,0.5085837129666686
6,6.065163291050197,-0.06516329105019736
6,6.33358195018576,-0.33358195018576
5,5.224792715849361,-0.224792715849361
7,6.372330852040847,0.6276691479591534
8,6.146001736700754,1.8539982632992462
6,5.583711744912222,0.4162882550877782
6,5.354808935833745,0.645191064166255
6,6.432545076763489,-0.4325450767634891
6,6.131085006398308,-0.13108500639830822
7,5.945158254703358,1.0548417452966419
8,6.238449191645543,1.7615508083544569
6,5.948179060726176,0.05182093927382425
6,6.883504793723063,-0.8835047937230627
5,5.423857920284604,-0.423857920284604
6,6.276447883591743,-0.276447883591743
6,6.0225105345283225,-0.022510534528322523
5,4.803115587088513,0.19688441291148706
6,6.625635908246295,-0.625635908246295
6,6.033920126456479,-0.03392012645647924
5,5.704761111498726,-0.7047611114987262
7,6.572943803011782,0.42705619698821806
5,5.625162440719436,-0.6251624407194356
6,6.44616996817345,-0.4461699681734501
5,6.496748745560296,-1.4967487455602964
5,5.75987405911539,-0.7598740591153899
6,6.010355962450035,-0.010355962450034895
7,6.3574042015819145,0.6425957984180855
6,5.669789707356358,0.3302102926436419
6,6.068982142888075,-0.0689821428880748
7,6.125497736127954,0.8745022638720457
7,6.0748932066341865,0.9251067933658135
6,6.005377127244913,-0.005377127244912572
6,5.275014724844311,0.7249852751556887
6,5.607742559801267,0.3922574401987333
6,5.018704964977957,0.9812950350220433
7,6.941537039898151,0.05846296010184915
6,5.522291464585123,0.4777085354148767
6,5.255350804480969,0.7446491955190311
6,5.480163875027273,0.519836124972727
6,5.727033250415218,0.27296674958478206
7,6.0059599004299855,0.9940400995700145
5,4.815754802011298,0.18424519798870165
5,6.100083659874201,-1.1000836598742012
6,6.474030659810438,-0.47403065981043824
5,5.6842808078187375,-0.6842808078187375
6,6.329023788149215,-0.3290237881492146
5,5.293214384741361,-0.2932143847413613
6,5.825572304091452,0.17442769590854823
5,5.693414706250138,-0.6934147062501381
6,5.411621621499847,0.5883783785001526
7,6.6617209777666915,0.3382790222333085
6,5.411603217406707,0.5883967825932928
6,5.356504308572056,0.6434956914279439
6,6.11285075816042,-0.11285075816041967
5,5.207932407965529,-0.20793240796552936
6,6.00167910134212,-0.0016791013421197931
6,5.669789707356358,0.3302102926436419
5,5.129274528691752,-0.12927452869175227
5,5.571394250531114,-0.5713942505311138
5,5.372562166946295,-0.3725621669462953
5,5.502035195152985,-0.5020351951529847
5,5.651844790957568,-0.6518447909575684
5,5.272285007789321,-0.2722850077893213
5,6.368318747621231,-1.368318747621231
6,6.366790091920336,-0.3667900919203362
5,5.2850090968806285,-0.2850090968806285
6,5.460601003755983,0.5393989962440173
5,5.531552228468428,-0.5315522284684278
6,5.868467567178527,0.13153243282147287
5,5.253944356775435,-0.2539443567754347
6,6.40848538204861,-0.4084853820486103
7,6.511054373539878,0.4889456264601222
7,5.9458919731790445,1.0541080268209555
8,6.7087493508186355,1.2912506491813645
5,5.680303983801167,-0.6803039838011671
4,4.884155467511761,-0.8841554675117607
5,6.011810218741374,-1.011810218741374
7,5.417087108809653,1.5829128911903467
5,6.170286248234987,-1.1702862482349872
6,6.094650556844982,-0.09465055684498225
5,5.5300347250340565,-0.5300347250340565
5,4.879409862962348,0.12059013703765231
5,5.150726558268133,-0.15072655826813275
6,6.325499539753935,-0.32549953975393464
4,5.3039549062986,-1.3039549062985998
5,5.850704743207018,-0.850704743207018
6,5.5380691894726795,0.46193081052732055
5,5.585951450915189,-0.5859514509151893
5,6.328415913806879,-1.3284159138068787
6,5.930835639095164,0.06916436090483558
5,5.827536096848547,-0.8275360968485472
6,6.203718576489848,-0.20371857648984815
6,6.243220671455219,-0.24322067145521942
6,5.548848758789632,0.4511512412103684
6,6.675918169139891,-0.6759181691398908
6,5.711301863926309,0.2886981360736911
5,5.408533451143882,-0.4085334511438816
5,5.74903544320955,-0.7490354432095501
5,4.944560430009602,0.055439569990397786
7,6.089166554717451,0.9108334452825488
5,6.496748745560296,-1.4967487455602964
6,5.779119054859933,0.22088094514006684
6,6.079441206088745,-0.07944120608874528
6,6.054487816497357,-0.05448781649735679
6,6.197338102920071,-0.19733810292007092
5,5.052360833112573,-0.05236083311257289
5,5.205862547243214,-0.20586254724321407
6,5.460524758292706,0.5394752417072937
5,5.71990456600966,-0.7199045660096601
6,5.1943569289720415,0.8056430710279585
6,5.479108690887102,0.5208913091128977
6,5.604693498030514,0.39530650196948613
6,5.512495832736221,0.4875041672637792
5,5.096034163086529,-0.09603416308652868
5,4.948625924527505,0.05137407547249495
6,5.477193328461965,0.5228066715380351
5,4.874757887172024,0.12524211282797637
7,6.260832452285797,0.739167547714203
5,5.350155714088288,-0.35015571408828805
6,6.029446147242936,-0.02944614724293615
4,5.226716760572458,-1.226716760572458
6,5.290976168386635,0.709023831613365
6,5.347843935453369,0.6521560645466309
5,5.157263300453593,-0.15726330045359305
6,6.200603733122904,-0.2006037331229038
5,5.775756143221116,-0.7757561432211162
5,5.269149817719921,-0.26914981771992075
6,6.286595268334082,-0.2865952683340822
6,6.288582443134118,-0.28858244313411774
7,6.435702638849676,0.5642973611503237
6,5.527861560913067,0.4721384390869332
7,6.630789526136482,0.369210473863518
6,5.734781836079293,0.2652181639207072
5,5.27717370133476,-0.2771737013347604
5,5.439796960889311,-0.43979696088931064
7,6.749652565130049,0.25034743486995126
6,6.185113200475456,-0.1851132004754561
6,6.54210821278798,-0.5421082127879799
6,6.215797693609829,-0.21579769360982937
6,6.413622575742977,-0.413622575742977
5,5.756059364092806,-0.7560593640928062
7,6.023510237917094,0.976489762082906
5,5.473637958759838,-0.47363795875983783
6,5.245249210589719,0.7547507894102807
5,5.365350287204706,-0.36535028720470564
7,6.366010458607235,0.633989541392765
6,5.180093544490489,0.8199064555095106
6,5.96615959701532,0.03384040298467994
5,4.852549209435097,0.1474507905649034
6,5.788704156385307,0.21129584361469256
6,6.312198484685666,-0.31219848468566624
6,6.026544037122591,-0.02654403712259068
8,6.836355716759982,1.1636442832400178
5,5.218391411358965,-0.21839141135896512
7,6.383188419445929,0.6168115805540708
6,5.7632458304742045,0.23675416952579553
7,6.559091140273921,0.44090885972607907
5,5.61001939465595,-0.61001939465595
6,5.940684863617832,0.059315136382167566
5,5.29872047072962,-0.29872047072962005
7,6.745516257602048,0.2544837423979516
6,5.6289535046545325,0.3710464953454675
6,5.771804632270374,0.2281953677296258
5,4.971235410298476,0.028764589701523846
5,5.498149028150323,-0.4981490281503227
5,5.239604241810298,-0.23960424181029794
5,5.880641779982739,-0.8806417799827386
6,5.851616383571667,0.1483836164283332
8,6.310885029084915,1.6891149709150852
6,5.801834449598829,0.19816555040117123
5,5.6481911757279875,-0.6481911757279875
7,6.340938098193931,0.6590619018060693
7,6.186815134503092,0.8131848654969076
6,5.411621621499847,0.5883783785001526
5,5.624895036339154,-0.6248950363391543
7,5.55367853774888,1.4463214622511202
5,5.906757041920599,-0.9067570419205992
6,6.417627361114455,-0.4176273611144552
7,6.623508687095324,0.3764913129046761
6,6.374163322923181,-0.3741633229231809
7,6.0567401084013,0.9432598915987
5,4.963423742280355,0.0365762577196449
5,5.488420041729086,-0.4884200417290856
5,5.500951971158429,-0.5009519711584289
8,6.660621490033861,1.3393785099661386
5,4.809737557880283,0.19026244211971743
5,5.310048887505985,-0.31004888750598525
8,6.291612336735028,1.708387663264972
6,6.029848097276272,-0.0298480972762718
6,5.837990159947509,0.16200984005249097
7,6.480538758790544,0.5194612412094557
6,6.1037028410018195,-0.10370284100181948
6,6.304223849219682,-0.3042238492196816
6,6.027439194382879,-0.027439194382878895
6,5.8093280599126444,0.19067194008735555
6,5.678224974658974,0.32177502534102587
7,6.112897733732382,0.8871022662676182
6,5.869237132995664,0.1307628670043357
7,6.3070780659014645,0.6929219340985355
5,5.4497019830026545,-0.4497019830026545
5,5.827999424708565,-0.8279994247085654
5,5.900177309930342,-0.9001773099303421
4,5.639941842520187,-1.6399418425201873
6,5.91799904242049,0.08200095757950976
8,5.251420948006796,2.748579051993204
6,6.0105524959745935,-0.010552495974593512
5,5.354783862529558,-0.3547838625295583
6,6.382291706577291,-0.3822917065772913
6,5.875565639970176,0.12443436002982367
6,5.538494470055241,0.461505529944759
5,5.535916650192689,-0.5359166501926893
6,5.542550611302289,0.4574493886977109
5,6.097999146334388,-1.0979991463343879
5,5.46629515886039,-0.4662951588603903
6,6.325709980079154,-0.32570998007915364
5,7.09327807516857,-2.09327807516857
6,5.90972606811934,0.09027393188065957
8,5.883145207794485,2.1168547922055154
5,5.500104536903024,-0.5001045369030237
5,5.515563966364908,-0.5155639663649083
7,6.0780059239102115,0.9219940760897885
5,5.763676549176267,-0.7636765491762674
6,5.675314353202424,0.32468564679757606
5,5.198143008384903,-0.1981430083849034
7,6.351135197170407,0.6488648028295927
6,4.9503421556187845,1.0496578443812155
5,5.686613518825709,-0.686613518825709
6,6.196248975389977,-0.19624897538997743
5,5.178424979981202,-0.17842497998120166
7,6.788384725972151,0.2116152740278494
5,5.146133210833256,-0.1461332108332556
6,5.662103362839048,0.3378966371609522
6,5.4353989765200765,0.5646010234799235
5,5.2612959566803,-0.2612959566802999
6,5.8449259299092375,0.15507407009076246
7,6.70314160695105,0.2968583930489501
7,5.006162185700873,1.9938378142991269
6,6.535508473145825,-0.5355084731458248
6,5.934813756587971,0.06518624341202894
5,5.83319052957097,-0.8331905295709703
7,6.132956701658742,0.8670432983412582
5,5.571114970563428,-0.5711149705634284
6,6.714135783616086,-0.7141357836160864
6,6.239156578157946,-0.2391565781579459
5,5.416841256725689,-0.4168412567256894
6,5.36642936669989,0.6335706333001099
4,5.4301124626238675,-1.4301124626238675
5,5.025629503340639,-0.02562950334063885
6,5.406351181720709,0.5936488182792914
5,5.590795134928868,-0.590795134928868
6,6.201781563551663,-0.20178156355166266
5,5.510879958029506,-0.5108799580295056
6,5.523485729011071,0.47651427098892896
6,6.022062822580608,-0.0220628225806081
7,6.3226938315877135,0.6773061684122865
5,5.781139359182561,-0.7811393591825606
5,5.534356939213495,-0.5343569392134953
6,6.183409950442581,-0.1834099504425808
5,5.613225880072804,-0.6132258800728039
6,6.180915350358646,-0.1809153503586458
6,6.252236945428564,-0.2522369454285638
5,5.551515635526954,-0.5515156355269539
6,5.256714775533993,0.7432852244660069
5,5.864984265229253,-0.8649842652292534
6,6.548397212112434,-0.5483972121124339
5,5.814520767630654,-0.8145207676306541
7,5.6747364912014575,1.3252635087985425
5,5.716992074919432,-0.7169920749194318
5,6.229991699285534,-1.2299916992855344
7,5.392306868149575,1.607693131850425
6,5.995395035114399,0.004604964885601248
6,5.760145183261187,0.23985481673881281
6,5.507694747789884,0.4923052522101159
5,4.768964330052711,0.23103566994728908
5,5.167131505339938,-0.16713150533993826
6,6.017065667744021,-0.01706566774402063
6,5.822364295838327,0.1776357041616734
6,6.559826296189584,-0.5598262961895841
5,5.049508004178023,-0.0495080041780227
6,5.589393319129613,0.4106066808703872
7,6.546728690581091,0.45327130941890914
8,6.587823931939909,1.4121760680600914
6,6.083944137495649,-0.08394413749564933
5,5.932229715868516,-0.932229715868516
7,6.129741205378053,0.8702587946219467
7,6.228269320537407,0.7717306794625927
7,6.425358833410002,0.5746411665899984
6,5.34856499831352,0.6514350016864796
8,5.547545465971723,2.452454534028277
6,6.177295415366473,-0.17729541536647275
5,5.728415270434851,-0.7284152704348514
6,6.293403605751109,-0.29340360575110935
6,5.7951752199226405,0.2048247800773595
5,5.590793949621599,-0.5907939496215988
6,5.394786022285416,0.605213977714584
4,5.2126111197375735,-1.2126111197375735
6,5.41909762612417,0.5809023738758299
6,6.3634498738977925,-0.3634498738977925
7,5.90857944751329,1.09142055248671
7,6.17821246046023,0.8217875395397698
9,6.587961501367801,2.4120384986321994
7,5.55367853774888,1.4463214622511202
6,5.6890399560064395,0.3109600439935605
6,5.612794214019118,0.38720578598088196
6,6.104735593538493,-0.10473559353849282
5,5.808099589960108,-0.8080995899601078
7,6.182338560325633,0.8176614396743673
8,5.856177221025689,2.143822778974311
7,5.658968162838761,1.341031837161239
4,5.8028837026647295,-1.8028837026647295
5,5.317944760546993,-0.31794476054699317
5,5.188752047748153,-0.18875204774815302
6,5.179576289268823,0.8204237107311769
8,6.632060078352367,1.3679399216476327
5,5.146133210833256,-0.1461332108332556
5,5.18946963922042,-0.1894696392204196
5,4.8935596331525915,0.10644036684740854
7,5.59265803350786,1.4073419664921403
6,6.435352249426813,-0.4353522494268134
7,5.7446393941453096,1.2553606058546904
6,6.741693768851604,-0.7416937688516043
6,5.696010927867633,0.30398907213236726
7,6.4224555359364786,0.5775444640635214
6,5.575117167802972,0.42488283219702794
7,5.828500606286838,1.1714993937131624
5,5.23542734622643,-0.23542734622643025
6,6.216204609813701,-0.21620460981370115
6,5.338576712717327,0.6614232872826733
6,6.432593655195689,-0.4325936551956886
6,5.571926371282814,0.42807362871718624
6,6.497749199828803,-0.49774919982880306
7,5.794210900446501,1.205789099553499
5,5.717338468524446,-0.7173384685244457
6,5.577140902301835,0.422859097698165
5,5.5414416595272655,-0.5414416595272655
8,6.580827379566415,1.419172620433585
7,5.916601829939225,1.083398170060775
7,6.379733679974379,0.6202663200256211
7,6.088489268328118,0.911510731671882
6,6.000854423284977,-0.0008544232849772015
5,5.912495684358618,-0.9124956843586176
6,6.58941522148973,-0.5894152214897304
6,5.4061646501690745,0.5938353498309255
5,5.617876502237095,-0.6178765022370953
6,5.887038114307273,0.11296188569272658
6,5.400965956668216,0.599034043331784
7,6.630789526136482,0.369210473863518
7,6.170013836073991,0.8299861639260087
6,5.863228780941597,0.13677121905840295
7,6.367684957738533,0.6323150422614674
7,6.6858125415643315,0.31418745843566853
7,6.38552248617853,0.6144775138214698
6,5.525919059538495,0.47408094046150495
5,5.1945987264835765,-0.19459872648357646
5,5.902127870822397,-0.9021278708223974
7,6.163901429840479,0.8360985701595212
5,5.576604263112898,-0.5766042631128983
7,6.941537039898151,0.05846296010184915
4,5.869495019912563,-1.8694950199125628
6,5.135197127915717,0.8648028720842831
6,6.0579045347144245,-0.05790453471442447
6,5.573344048892352,0.426655951107648
8,6.475827219185362,1.524172780814638
6,5.622244315109185,0.3777556848908148
5,5.691943536382041,-0.6919435363820412
5,5.647726557925523,-0.6477265579255231
5,5.642623586939635,-0.6426235869396351
5,5.120311974604505,-0.12031197460450471
6,5.752286722963333,0.24771327703666657
7,6.186815134503092,0.8131848654969076
7,6.26352275961608,0.7364772403839197
5,5.340888558553985,-0.3408885585539849
6,5.805100355554828,0.19489964444517227
6,6.493326483290872,-0.4933264832908719
6,5.797488337801866,0.202511662198134
6,5.408697071475785,0.5913029285242146
6,5.141485011426596,0.858514988573404
5,5.575424676128733,-0.5754246761287334
7,6.008092651956929,0.9919073480430711
6,6.1069399913039035,-0.10693999130390353
6,5.648718838516885,0.35128116148311506
6,6.251834440887336,-0.2518344408873361
6,6.178098295833564,-0.17809829583356418
6,5.411621621499847,0.5883783785001526
6,6.326606646450159,-0.32660664645015913
6,5.641430541187134,0.35856945881286606
6,6.389945081842683,-0.38994508184268284
5,5.730855170175914,-0.7308551701759143
5,5.59533141695988,-0.5953314169598798
7,6.125102139289908,0.8748978607100923
6,6.30950696244895,-0.3095069624489497
4,5.893230574514433,-1.8932305745144333
6,6.506790698402796,-0.5067906984027957
6,5.993177758189859,0.0068222418101413496
8,5.815287176046525,2.1847128239534754
5,6.0390840129066135,-1.0390840129066135
6,5.198734101913203,0.8012658980867968
6,5.71051336532841,0.2894866346715901
5,5.574055378722335,-0.5740553787223348
7,5.81989362262388,1.18010637737612
5,5.87979709745926,-0.8797970974592602
6,6.382291706577291,-0.3822917065772913
6,6.767302390858589,-0.767302390858589
6,6.502950393942626,-0.5029503939426263
5,5.458201141916703,-0.45820114191670314
4,5.387787928800918,-1.3877879288009183
5,5.7093876814569455,-0.7093876814569455
6,6.584820701200385,-0.5848207012003854
6,6.1036247755985755,-0.10362477559857552
6,6.509750049887458,-0.5097500498874581
5,5.378638255611747,-0.37863825561174735
6,5.34000292408362,0.6599970759163796
7,6.060268658673266,0.9397313413267341
6,5.61542074127064,0.38457925872936016
8,6.858314680636909,1.1416853193630914
6,5.585908534409413,0.4140914655905874
6,5.824285473011486,0.1757145269885143
6,6.007723970716256,-0.00772397071625619
6,6.043633324634953,-0.043633324634953397
6,6.373479606778574,-0.3734796067785737
7,6.666861860166421,0.3331381398335793
5,5.340888558553985,-0.3408885585539849
6,6.643424116763242,-0.6434241167632422
6,5.766376748152197,0.23362325184780275
6,5.47592893389978,0.5240710661002197
6,6.3241003084394265,-0.3241003084394265
6,5.405996819662306,0.594003180337694
6,5.939288231337855,0.060711768662145005
6,5.224338390485258,0.7756616095147422
6,5.836110771616092,0.1638892283839084
6,5.802966492526252,0.1970335074737477
5,5.4826109049433285,-0.4826109049433285
7,5.949022414922581,1.050977585077419
5,5.37952436025833,-0.3795243602583298
6,5.885452235254803,0.1145477647451969
4,5.433575052612298,-1.433575052612298
5,5.5488143286199545,-0.5488143286199545
6,5.927218134245379,0.07278186575462087
5,5.676651093796238,-0.676651093796238
7,6.289524965719039,0.7104750342809609
6,6.6328933984979415,-0.6328933984979415
6,6.004063870990166,-0.004063870990165697
5,5.469310242411012,-0.46931024241101227
8,6.26026076845983,1.7397392315401703
6,6.6293638442094505,-0.6293638442094505
5,5.825651045619281,-0.8256510456192814
6,6.470581754632377,-0.47058175463237717
6,6.345261815414034,-0.3452618154140339
7,6.770201831972713,0.22979816802728692
6,5.6058322468749395,0.39416775312506047
6,6.694426218169724,-0.694426218169724
5,5.222626319057923,-0.22262631905792318
7,6.476981167668612,0.5230188323313882
6,5.546432845363569,0.45356715463643127
7,6.731001532453547,0.26899846754645296
5,5.169619084546838,-0.16961908454683794
8,6.687866136980375,1.3121338630196249
8,5.890901290568479,2.109098709431521
6,6.311933039977504,-0.31193303997750377
6,5.680088472486318,0.3199115275136819
5,5.486798594300581,-0.4867985943005806
5,5.050834171056692,-0.05083417105669241
6,6.490686993219015,-0.49068699321901477
6,5.822865348049561,0.1771346519504391
5,5.817207388368587,-0.8172073883685869
6,5.9853987956601316,0.014601204339868445
5,5.376964507860691,-0.37696450786069136
6,5.850411218222888,0.149588781777112
5,5.663354714612012,-0.6633547146120122
5,5.322106886311701,-0.32210688631170115
6,6.148700763937256,-0.1487007639372564
5,5.87058917104136,-0.8705891710413596
7,6.3557767579204665,0.6442232420795335
7,6.420258504824659,0.579741495175341
6,6.202000630090595,-0.20200063009059477
5,5.324646260641799,-0.32464626064179924
4,5.270598559376026,-1.270598559376026
5,5.632116706913678,-0.6321167069136777
6,5.968813259621442,0.031186740378558397
6,6.010355962450035,-0.010355962450034895
6,5.69173862506554,0.30826137493446026
6,5.547769050516109,0.45223094948389075
4,5.870826341599155,-1.8708263415991553
6,6.780158334764053,-0.780158334764053
5,4.994080256696634,0.005919743303365976
5,5.636402894579533,-0.6364028945795326
4,6.242378433278105,-2.2423784332781054
5,5.920715866360069,-0.9207158663600694
5,5.5807294238325085,-0.5807294238325085
6,5.79287931258699,0.20712068741300982
5,5.249690043035997,-0.24969004303599718
5,5.509544533370786,-0.5095445333707858
5,5.967945514023228,-0.9679455140232278
5,5.085091950516585,-0.0850919505165848
6,5.940684863617832,0.059315136382167566
6,6.23860870539022,-0.23860870539022017
6,5.702614241812597,0.29738575818740287
5,5.289082269492894,-0.2890822694928943
5,5.386645989889985,-0.3866459898899848
6,6.096356894166718,-0.09635689416671767
6,6.5163594370208955,-0.5163594370208955
5,5.391927626014279,-0.39192762601427944
6,5.225941421920652,0.7740585780793481
5,4.596378487430229,0.40362151256977086
7,6.637665709339672,0.3623342906603284
5,5.375646122636425,-0.37564612263642516
6,6.436117671219591,-0.43611767121959133
6,5.663333095421507,0.33666690457849313
7,6.410580747333313,0.589419252666687
5,4.924224448080878,0.07577555191912211
6,6.435933056914564,-0.4359330569145641
6,5.913085744363883,0.08691425563611688
7,6.073782487433277,0.9262175125667227
8,6.71087874595915,1.2891212540408503
6,5.674628393605417,0.32537160639458307
6,5.772858459846617,0.22714154015338295
5,5.222673843860946,-0.2226738438609459
6,6.519826504799539,-0.5198265047995392
5,5.874015037030631,-0.874015037030631
6,5.361952196898557,0.6380478031014434
5,5.479428468483178,-0.479428468483178
4,4.718701523339206,-0.718701523339206
7,6.328237171283774,0.6717628287162256
6,6.722041229716211,-0.7220412297162113
6,5.964211940591184,0.0357880594088158
7,5.984825799282049,1.0151742007179507
4,5.502287131060342,-1.502287131060342
5,5.098054954798698,-0.09805495479869819
6,5.9382782089453485,0.061721791054651476
6,6.357242194649302,-0.3572421946493023
6,5.833722583084494,0.16627741691550568
6,5.864570877994453,0.13542912200554724
5,5.498149028150323,-0.4981490281503227
6,5.787301925396008,0.21269807460399193
7,6.025159476570622,0.9748405234293784
5,6.1741922182986855,-1.1741922182986855
5,5.3327680654054745,-0.33276806540547454
7,5.4567606798063935,1.5432393201936065
5,5.124104422960414,-0.12410442296041424
5,6.0049827350757425,-1.0049827350757425
7,6.745516257602048,0.2544837423979516
6,5.696314309317671,0.30368569068232887
5,5.15539086047059,-0.1553908604705896
6,5.962906107041931,0.037093892958068864
7,6.1531819999107995,0.8468180000892005
5,5.696219681450316,-0.6962196814503159
6,5.664583083680469,0.33541691631953086
5,5.633665044034984,-0.6336650440349842
7,6.856012568500205,0.1439874314997951
5,5.959665973742091,-0.9596659737420907
5,6.021142710522668,-1.0211427105226676
5,5.628404682687034,-0.6284046826870338
5,5.376399173839161,-0.376399173839161
6,6.068982142888075,-0.0689821428880748
7,6.640710259385514,0.3592897406144857
6,5.654226062072041,0.34577393792795874
5,5.462656171699734,-0.4626561716997344
5,5.346895046485088,-0.34689504648508773
6,5.606152503402342,0.39384749659765816
5,5.825887803736663,-0.8258878037366628
5,5.121379099315391,-0.1213790993153907
6,5.462948067217553,0.5370519327824468
7,6.520998236481773,0.47900176351822665
6,6.618758583129676,-0.6187585831296758
6,5.049731912191703,0.950268087808297
6,6.582550572273334,-0.582550572273334
6,6.302179430330597,-0.3021794303305967
6,6.361546316421681,-0.36154631642168056
5,5.307761702172996,-0.30776170217299637
7,6.797126851302153,0.20287314869784723
4,5.654073751960539,-1.6540737519605386
6,5.3287740048021135,0.6712259951978865
6,5.924590910946847,0.07540908905315291
7,6.587846370846023,0.4121536291539769
5,5.290260567523461,-0.2902605675234611
6,6.096774566614727,-0.09677456661472661
5,5.215804832063327,-0.215804832063327
7,6.774343850095761,0.2256561499042391
5,5.762193905789957,-0.7621939057899567
6,6.038920513528808,-0.03892051352880799
7,5.842647635852558,1.1573523641474424
6,6.330121507477685,-0.3301215074776849
7,5.841978298650673,1.1580217013493268
6,6.737087841103801,-0.7370878411038007
6,5.380904254117468,0.6190957458825324
5,5.613225880072804,-0.6132258800728039
6,4.983509902721124,1.0164900972788757
7,5.548569521987389,1.451430478012611
6,5.462850291289868,0.5371497087101318
5,5.115352961187114,-0.11535296118711358
5,5.467925410668897,-0.46792541066889726
7,5.939121488051654,1.0608785119483457
6,5.835545986458669,0.16445401354133082
7,5.399523784129883,1.600476215870117
5,6.5609567816565,-1.5609567816565004
6,4.918101694387076,1.081898305612924
6,5.798645175394682,0.20135482460531762
6,5.914964761232369,0.08503523876763097
5,5.2470868576862415,-0.2470868576862415
8,6.092708982350359,1.9072910176496407
6,4.983422407239743,1.0165775927602567
5,6.171290709046843,-1.1712907090468434
6,5.651488979947857,0.3485110200521433
5,5.351631537055482,-0.3516315370554821
6,5.0667041041936045,0.9332958958063955
5,5.574055378722335,-0.5740553787223348
5,5.676755553113821,-0.6767555531138214
6,6.012155231602577,-0.012155231602577032
6,6.276093086334583,-0.2760930863345834
6,6.273945882940808,-0.2739458829408079
6,6.406678478554056,-0.40667847855405626
6,5.841571032818052,0.15842896718194766
5,6.315998605576965,-1.315998605576965
7,6.471064257624363,0.5289357423756371
7,6.61597835979336,0.3840216402066403
6,6.452488050028734,-0.4524880500287338
6,6.526250351719142,-0.5262503517191419
7,5.724752397536122,1.2752476024638781
5,5.307262306658856,-0.30726230665885623
5,4.867878654144278,0.13212134585572244
5,5.298152749977106,-0.29815274997710617
7,5.99368095675149,1.00631904324851
6,4.823707435848036,1.1762925641519644
6,6.254767905192921,-0.2547679051929208
6,5.254301830691446,0.7456981693085538
5,5.462679623613354,-0.46267962361335435
6,6.40115526884918,-0.4011552688491804
5,5.1946647381763,-0.19466473817630003
5,5.340180353636583,-0.3401803536365833
6,5.417747893548835,0.5822521064511648
6,5.708507125562562,0.2914928744374379
5,5.180230240883191,-0.18023024088319062
6,6.071931098193176,-0.07193109819317556
7,6.55743826192969,0.4425617380703102
6,6.719375085455738,-0.7193750854557379
8,6.505187351505526,1.4948126484944737
5,5.253442393709918,-0.2534423937099177
5,5.287374486737946,-0.28737448673794574
6,5.772087239815107,0.2279127601848927
6,7.2673627612905705,-1.2673627612905705
7,6.037279413600203,0.9627205863997972
6,5.3602056226268076,0.6397943773731924
6,5.492638904994891,0.5073610950051091
5,6.049833850452586,-1.0498338504525861
7,6.436860086020857,0.5631399139791426
6,5.599701718833046,0.400298281166954
6,5.016994554994085,0.9830054450059151
6,6.775816152105506,-0.7758161521055058
6,5.655265764151721,0.34473423584827856
6,6.060806784768545,-0.06080678476854473
6,5.63381841615805,0.36618158384195
5,5.069403048338245,-0.06940304833824484
3,5.991271984920957,-2.9912719849209566
6,4.9386424350342395,1.0613575649657605
6,5.735649228370448,0.2643507716295517
5,5.650359714456499,-0.6503597144564992
6,5.201455401464557,0.7985445985354431
7,6.575398119203157,0.4246018807968426
5,5.523119710253809,-0.523119710253809
6,4.796612005350028,1.2033879946499724
6,6.099326023440824,-0.09932602344082397
5,5.8605138496838265,-0.8605138496838265
5,5.906586993194935,-0.9065869931949351
6,6.275626791697562,-0.27562679169756166
6,6.411004316219106,-0.41100431621910616
6,5.823848466766009,0.17615153323399113
6,5.684930844189324,0.31506915581067574
6,5.634829312200026,0.3651706877999743
6,5.676810520540812,0.3231894794591881
6,6.545346376785176,-0.5453463767851758
6,6.234817094755073,-0.23481709475507273
6,6.547701468955779,-0.5477014689557791
6,5.7516943878007964,0.24830561219920355
7,6.024880324173097,0.9751196758269032
6,5.774075203996745,0.22592479600325532
5,5.4617983228007745,-0.4617983228007745
7,6.024880324173097,0.9751196758269032
5,5.069043479145307,-0.06904347914530717
6,5.721030195612002,0.278969804387998
5,5.363304653399098,-0.3633046533990978
5,5.220774888271023,-0.22077488827102343
6,5.265722880780288,0.734277119219712
6,5.462971696085134,0.537028303914866
5,5.288682560343517,-0.288682560343517
6,6.163597427447854,-0.16359742744785422
6,5.853267089642401,0.14673291035759917
5,5.875759266614494,-0.8757592666144944
7,6.150454220204409,0.8495457797955908
6,5.119452513461226,0.8805474865387737
5,5.756328418092721,-0.7563284180927212
7,6.289813465050514,0.7101865349494858
5,5.91422188526073,-0.91422188526073
8,6.799552860184349,1.200447139815651
6,6.124652917616828,-0.12465291761682806
5,5.607375993258501,-0.6073759932585006
5,5.515563511589619,-0.5155635115896189
6,5.8684184360897405,0.13158156391025955
5,5.9632655316363525,-0.9632655316363525
6,5.448305489429885,0.5516945105701154
7,6.048356593908409,0.9516434060915913
5,6.107455387847978,-1.1074553878479776
5,6.182679725340535,-1.1826797253405346
6,5.548876258233975,0.45112374176602543
6,5.442167046707311,0.5578329532926887
7,6.24838640557536,0.75161359442464
5,5.58296309284799,-0.5829630928479901
6,6.240004347473729,-0.24000434747372879
5,5.406435162960463,-0.406435162960463
6,4.820628431163499,1.1793715688365012
7,6.1568226032364635,0.8431773967635365
7,5.534772961769647,1.4652270382303527
6,5.730612865597749,0.26938713440225115
6,6.0579045347144245,-0.05790453471442447
5,4.978178622479163,0.021821377520836904
7,6.187539261632679,0.8124607383673208
6,6.294478098043697,-0.2944780980436974
7,6.134317028722194,0.8656829712778062
6,6.701547761524097,-0.7015477615240968
6,5.0289259560923085,0.9710740439076915
5,6.124332571733362,-1.1243325717333619
7,6.051885534574922,0.9481144654250784
5,5.755624895499011,-0.755624895499011
6,5.501994375644216,0.498005624355784
7,6.024880324173097,0.9751196758269032
5,5.717243604886477,-0.7172436048864768
6,6.238173588693428,-0.23817358869342797
6,5.120476506071697,0.8795234939283034
6,5.6921802264871815,0.30781977351281853
8,6.963092861520664,1.0369071384793358
7,6.067751737853541,0.9322482621464587
6,6.193606941724283,-0.1936069417242834
6,5.08856523942913,0.9114347605708701
5,5.2139497363186535,-0.21394973631865355
6,6.189359275157443,-0.1893592751574431
5,5.001917187091863,-0.0019171870918626155
5,5.67944880461539,-0.6794488046153901
6,5.739124739968446,0.26087526003155403
6,5.592845402692291,0.4071545973077093
7,6.0150518000005775,0.9849481999994225
5,5.9273142150274225,-0.9273142150274225
5,5.510466346422476,-0.5104663464224757
6,5.452719550051938,0.5472804499480617
5,5.240359853715262,-0.2403598537152618
5,5.215914618707558,-0.2159146187075578
6,6.414072912912246,-0.41407291291224624
6,5.5877051780109355,0.41229482198906453
6,6.634242852207052,-0.634242852207052
6,5.79852601726418,0.20147398273581985
8,6.963092861520664,1.0369071384793358
6,6.28409008069147,-0.28409008069147035
5,5.667479837841427,-0.6674798378414266
5,5.263234667115682,-0.26323466711568244
6,6.587615140017277,-0.5876151400172773
7,5.58268584440836,1.4173141555916402
5,6.232759229480763,-1.232759229480763
7,6.987574618690985,0.012425381309014938
5,5.717873442104462,-0.7178734421044624
7,5.96326204843524,1.03673795156476
5,6.38711762224051,-1.3871176222405097
7,5.781520560596533,1.2184794394034668
6,6.3987953615909134,-0.39879536159091344
7,6.435783855962256,0.5642161440377436
6,6.099847368087694,-0.09984736808769412
4,5.644922332519826,-1.6449223325198261
6,6.344029985720937,-0.3440299857209368
5,5.371325664100084,-0.37132566410008394
7,6.407134907453241,0.5928650925467593
6,5.7951752199226405,0.2048247800773595
5,5.231976814327226,-0.2319768143272256
6,5.800889311779258,0.19911068822074185
5,5.790592323337819,-0.7905923233378189
6,5.84130713010066,0.1586928698993404
5,5.296417663457447,-0.29641766345744713
7,5.763594758603688,1.2364052413963122
6,5.8391279727937615,0.1608720272062385
5,6.286112014514202,-1.2861120145142024
6,5.5543771640050466,0.44562283599495345
6,6.146483142145172,-0.146483142145172
7,6.110980154381849,0.8890198456181508
6,5.403670523344829,0.5963294766551712
6,5.613706473028117,0.38629352697188324
5,5.358339018687218,-0.35833901868721796
6,5.77795689962403,0.22204310037596997
5,5.211171512158074,-0.2111715121580744
6,5.674657290667653,0.32534270933234666
6,5.700803598308198,0.29919640169180184
6,5.516966802918802,0.4830331970811983
7,6.498308290010357,0.5016917099896432
6,5.607742559801267,0.3922574401987333
5,6.033957343009661,-1.0339573430096607
6,5.308123311528476,0.691876688471524
5,5.962002846129252,-0.962002846129252
7,6.801600193285907,0.19839980671409307
5,4.854314875001506,0.14568512499849362
6,6.418526101210119,-0.41852610121011935
6,6.509894511066847,-0.5098945110668467
7,6.605351055860638,0.39464894413936236
5,6.2685392223257566,-1.2685392223257566
5,5.854260226907115,-0.8542602269071153
7,6.172256601670597,0.8277433983294031
6,6.58869359335003,-0.5886935933500297
7,6.663136073796267,0.3368639262037334
5,6.136160113194137,-1.136160113194137
6,5.169836826051295,0.830163173948705
4,5.491060226867347,-1.4910602268673472
6,6.52566062072907,-0.5256606207290702
5,5.939661564532798,-0.9396615645327984
5,6.166507095455472,-1.1665070954554722
5,5.416457980175835,-0.416457980175835
5,4.576842473944225,0.4231575260557747
5,6.180879998031685,-1.1808799980316849
5,5.107636635596833,-0.10763663559683323
6,5.518614561727276,0.4813854382727243
6,6.206263050901839,-0.20626305090183905
5,6.50446036784345,-1.5044603678434498
5,4.534501526638479,0.46549847336152084
6,6.526169773350006,-0.5261697733500057
6,6.393152425735309,-0.39315242573530895
6,5.2532624232821945,0.7467375767178055
6,5.8301417178139445,0.16985828218605548
6,5.802577826023651,0.1974221739763493
5,5.83869797913087,-0.8386979791308704
7,6.3226938315877135,0.6773061684122865
6,5.639711409806665,0.3602885901933348
6,5.471403615398145,0.5285963846018547
6,5.358959480334335,0.6410405196656654
6,6.165637893167542,-0.16563789316754196
6,5.24329932528542,0.7567006747145797
7,6.384552860613894,0.6154471393861058
5,5.39398945483353,-0.3939894548335303
6,5.747984833538112,0.25201516646188793
5,5.670014772256934,-0.6700147722569341
6,5.443940349515259,0.556059650484741
5,5.8779374367551895,-0.8779374367551895
6,5.758279523886841,0.2417204761131586
7,5.673836432694884,1.326163567305116
6,6.415368839727478,-0.41536883972747773
5,4.987593911860216,0.012406088139783833
7,5.57866305784799,1.42133694215201
7,6.427053293882125,0.5729467061178752
5,5.863779858118903,-0.8637798581189031
6,5.371377878552295,0.6286221214477052
6,6.2753459475470095,-0.2753459475470095
7,5.790029829208692,1.2099701707913084
6,5.86284981351443,0.1371501864855702
6,5.336250994331067,0.663749005668933
4,4.8679416007751115,-0.8679416007751115
6,5.664242664950649,0.335757335049351
5,5.533084331851114,-0.5330843318511143
5,5.752562714951381,-0.7525627149513809
7,6.54178366045204,0.4582163395479597
7,6.324051812503171,0.6759481874968287
7,5.774012109846865,1.2259878901531351
5,5.037973197070755,-0.037973197070755305
5,4.831532236365064,0.16846776363493632
5,6.184610169381102,-1.1846101693811022
5,5.90659761682565,-0.9065976168256498
7,6.539676426562124,0.46032357343787567
5,5.391348125995393,-0.3913481259953926
6,5.794035150985735,0.20596484901426493
5,5.519375108709454,-0.519375108709454
6,5.646210876213644,0.3537891237863562
5,5.404468466717674,-0.4044684667176739
5,5.191940497603639,-0.19194049760363896
6,6.04518079560944,-0.04518079560943988
6,6.017690899360332,-0.01769089936033197
6,6.014409774038199,-0.01440977403819943
7,6.345796843587095,0.6542031564129047
5,5.4890389402910955,-0.4890389402910955
5,4.986788815589961,0.013211184410039323
6,5.6911537246641615,0.3088462753358385
5,4.595230205186056,0.4047697948139444
5,5.813157630714812,-0.8131576307148123
6,5.73204288433422,0.26795711566578007
6,5.491558571101905,0.5084414288980952
6,6.033920126456479,-0.03392012645647924
7,6.0436366195245625,0.9563633804754375
4,5.75880394295578,-1.7588039429557796
6,5.516605961831232,0.48339403816876825
8,6.125350328735976,1.8746496712640237
6,6.349090018005882,-0.3490900180058816
8,6.38076055701913,1.61923944298087
6,5.998831948430308,0.0011680515696923521
5,5.574381938806283,-0.5743819388062832
5,6.060103918387625,-1.0601039183876253
7,6.344518128521429,0.6554818714785711
6,6.239156578157946,-0.2391565781579459
8,6.083129494781474,1.916870505218526
5,5.9495256154943945,-0.9495256154943945
6,5.600522067573877,0.39947793242612306
5,5.180389119109009,-0.1803891191090088
5,5.261685395550899,-0.26168539555089865
6,6.311370460236333,-0.31137046023633275
7,6.059794596690381,0.9402054033096192
5,5.370249619024747,-0.3702496190247473
6,6.2107355660370445,-0.21073556603704446
6,6.253866815868321,-0.2538668158683208
6,6.270753587221492,-0.2707535872214919
6,5.96615959701532,0.03384040298467994
6,6.374084084163627,-0.37408408416362704
6,4.958610961930361,1.0413890380696387
7,6.034200408361471,0.9657995916385289
5,5.547324117411932,-0.5473241174119323
5,5.743524511056421,-0.743524511056421
6,5.573048004759613,0.42695199524038685
5,5.311809329453183,-0.3118093294531832
7,6.6495553673819074,0.35044463261809256
7,6.070263201524881,0.929736798475119
5,5.462991593104363,-0.46299159310436266
5,5.716769843024167,-0.7167698430241671
7,6.469193236017077,0.5308067639829233
7,6.684928623424639,0.3150713765753608
5,5.066107653975195,-0.06610765397519458
6,5.3916316580151715,0.6083683419848285
6,5.981252676856315,0.018747323143685435
5,5.245601094030263,-0.2456010940302633
7,5.706882995724925,1.293117004275075
5,5.663354714612012,-0.6633547146120122
6,5.632919439303436,0.36708056069656436
6,5.716177684445256,0.2838223155547439
6,6.2974767078106595,-0.2974767078106595
7,5.754344175914298,1.245655824085702
6,5.885586730131649,0.11441326986835065
6,6.055035779600161,-0.055035779600160595
7,6.731102581761149,0.2688974182388506
6,5.693092229182469,0.3069077708175314
5,5.7948732780925525,-0.7948732780925525
5,5.436018362861944,-0.43601836286194384
5,5.607375993258501,-0.6073759932585006
6,4.712286170952183,1.2877138290478172
6,5.5659972269055515,0.43400277309444846
5,5.851546456801657,-0.8515464568016569
5,5.571758681517906,-0.5717586815179061
6,5.496454521300336,0.5035454786996638
5,5.351068286735767,-0.3510682867357673
6,5.612794214019118,0.38720578598088196
8,5.547545465971723,2.452454534028277
6,4.721015143866737,1.2789848561332633
7,5.793668670841157,1.206331329158843
7,5.232362349338558,1.7676376506614417
6,5.815018914601325,0.1849810853986753
6,6.015847760479744,-0.01584776047974401
6,6.704125934082782,-0.7041259340827821
7,6.519355977863967,0.4806440221360333
6,6.44364876972341,-0.44364876972340994
8,5.619929154698298,2.3800708453017023
6,6.133821161968484,-0.13382116196848415
6,6.241951636729169,-0.2419516367291692
5,4.858486434204366,0.14151356579563412
7,6.5223888277043045,0.4776111722956955
6,5.533111858049068,0.46688814195093187
6,6.039940082916132,-0.03994008291613227
6,5.633406930706144,0.36659306929385593
6,5.188015475647063,0.8119845243529369
5,5.583383336333469,-0.5833833363334691
5,5.9339092920315295,-0.9339092920315295
7,6.098001438444385,0.9019985615556152
6,5.410590629706377,0.5894093702936232
6,6.31960257384128,-0.31960257384128
7,6.215784213171247,0.7842157868287529
6,5.5053892960312965,0.49461070396870355
6,5.139278403136927,0.8607215968630726
6,5.655265764151721,0.34473423584827856
5,5.592904039830358,-0.5929040398303584
5,5.629670846692704,-0.6296708466927043
7,6.638036639043065,0.3619633609569348
8,6.53436628247826,1.4656337175217402
6,5.984799490235702,0.015200509764298431
6,6.111645413864977,-0.11164541386497717
5,5.516358534383414,-0.5163585343834143
6,5.917832849877271,0.08216715012272857
5,6.105368777252465,-1.1053687772524654
8,6.083387085081199,1.916612914918801
6,6.473227627141796,-0.4732276271417959
4,5.265935635135492,-1.2659356351354916
6,6.197354973693166,-0.1973549736931659
7,6.0665316944859455,0.9334683055140545
4,5.587473535324875,-1.5874735353248752
7,5.614633873528959,1.385366126471041
7,6.286419743963734,0.7135802560362663
8,6.719958605853719,1.2800413941462807
6,5.692814590967998,0.30718540903200164
5,5.781097957360942,-0.7810979573609416
5,5.291355063812517,-0.2913550638125173
7,6.138006444354943,0.8619935556450571
5,5.688147089395386,-0.688147089395386
6,5.651336510833204,0.3486634891667961
5,5.8637260439547845,-0.8637260439547845
6,5.3376892855902724,0.6623107144097276
5,5.629001539553343,-0.629001539553343
6,5.954927948849672,0.04507205115032775
6,4.505643611567734,1.4943563884322657
7,5.870147382890593,1.1298526171094068
6,5.135197127915717,0.8648028720842831
5,6.320526108523126,-1.3205261085231257
7,6.6858125415643315,0.31418745843566853
4,6.011175683187588,-2.011175683187588
7,5.9137423203818855,1.0862576796181145
5,5.228781391441117,-0.22878139144111742
6,6.150639786436045,-0.15063978643604514
6,6.112493552403748,-0.11249355240374825
5,5.2484736073994895,-0.24847360739948954
5,5.661983433935262,-0.6619834339352622
6,6.023639012748788,-0.02363901274878799
6,5.485558215512896,0.5144417844871043
6,5.651469563781205,0.34853043621879465
5,6.053253960659163,-1.0532539606591627
6,5.800375653427807,0.1996243465721932
4,4.874701072158842,-0.8747010721588424
6,6.099630942994395,-0.0996309429943949
6,5.899347697118202,0.10065230288179805
6,6.533244595796219,-0.5332445957962193
5,5.959451259563991,-0.9594512595639912
5,5.7995576188930045,-0.7995576188930045
7,5.7707878962741574,1.2292121037258426
5,5.646277519757149,-0.6462775197571489
6,6.131658294959607,-0.1316582949596068
7,5.888874840524608,1.1111251594753924
7,6.5001925554934985,0.4998074445065015
5,5.268191057730746,-0.26819105773074625
6,6.197354973693166,-0.1973549736931659
4,5.687363489158912,-1.687363489158912
6,5.809574664528611,0.19042533547138873
5,6.397461400655004,-1.3974614006550041
6,6.3376151612501985,-0.3376151612501985
6,5.953293797666333,0.046706202333666624
6,6.0813496283011546,-0.08134962830115455
6,6.072525139317179,-0.07252513931717885
6,6.513568648698623,-0.5135686486986231
7,6.136879681250434,0.8631203187495657
6,5.81472671920281,0.1852732807971904
6,5.935819217315469,0.06418078268453087
5,5.183856867166924,-0.18385686716692362
6,5.198643292803752,0.8013567071962484
7,6.318186406950332,0.681813593049668
6,5.398799341779409,0.6012006582205913
7,5.687757348374561,1.3122426516254393
6,5.686379733340033,0.31362026665996723
6,5.431555564983796,0.5684444350162039
6,6.055313261599139,-0.05531326159913874
7,5.460703764022185,1.5392962359778153
8,6.649288251031891,1.3507117489681093
5,5.988125590154198,-0.9881255901541977
6,6.081117976502185,-0.08111797650218477
6,5.624944940654444,0.3750550593455557
5,5.583269204534332,-0.5832692045343322
6,5.318290374925738,0.6817096250742622
5,5.275864331545108,-0.27586433154510814
7,6.409722884867023,0.5902771151329773
6,6.130864448004019,-0.13086444800401864
7,6.663834695023212,0.3361653049767881
5,5.327376017787515,-0.3273760177875147
7,5.483999472180187,1.5160005278198128
4,5.24237968091677,-1.2423796809167698
5,5.886720480535416,-0.8867204805354163
6,6.119846449556746,-0.11984644955674639
8,6.45897005296311,1.5410299470368898
7,6.202194000582892,0.7978059994171076
5,6.283519561510474,-1.2835195615104737
5,5.675856633884678,-0.6758566338846776
6,6.0261092061860495,-0.026109206186049505
7,6.4175429009583524,0.5824570990416476
6,5.93920880302872,0.060791196971280215
7,6.396766649505167,0.6032333504948326
6,6.168268625795179,-0.16826862579517865
5,5.434835728244252,-0.4348357282442521
6,5.769647833054819,0.23035216694518112
6,6.283392105540486,-0.2833921055404858
6,5.436429755346865,0.5635702446531354
6,5.962970119476807,0.03702988052319256
6,6.64123180064982,-0.6412318006498197
5,6.306430097035445,-1.3064300970354452
6,6.118102268569714,-0.1181022685697144
6,5.63378097537867,0.36621902462132994
6,6.501343749880078,-0.5013437498800783
7,6.036674204925845,0.9633257950741552
5,6.067868411940225,-1.0678684119402249
6,5.52321084245844,0.47678915754156037
6,6.752079169956517,-0.7520791699565166
6,6.5999203150640255,-0.5999203150640255
4,5.543735825637555,-1.5437358256375546
8,5.815287176046525,2.1847128239534754
5,5.583383336333469,-0.5833833363334691
5,5.2255534808099355,-0.22555348080993554
5,5.000172616383395,-0.00017261638339505225
7,6.3001639002677905,0.6998360997322095
6,5.272118652643854,0.7278813473561456
6,6.156796968034371,-0.15679696803437082
6,6.094512882186422,-0.09451288218642162
5,5.487022225504035,-0.4870222255040346
6,5.137590877690769,0.8624091223092307
5,5.927166605367262,-0.9271666053672618
6,5.589393319129613,0.4106066808703872
6,5.1818669293588755,0.8181330706411245
6,6.571041709868268,-0.5710417098682683
4,6.013652380747061,-2.013652380747061
7,6.373952479771333,0.626047520228667
5,5.445529097581215,-0.44552909758121473
5,5.077832682316199,-0.077832682316199
6,6.062835288299766,-0.06283528829976603
5,5.671200636425198,-0.6712006364251977
6,6.046090402165987,-0.04609040216598714
5,5.577777951965629,-0.5777779519656292
5,5.1417434648885205,-0.14174346488852052
6,6.009139968523215,-0.009139968523214748
6,5.652500932237331,0.34749906776266926
6,6.52139022467054,-0.5213902246705402
8,6.1841970814998035,1.8158029185001965
6,5.4580884186169385,0.5419115813830615
5,5.434490720038809,-0.4344907200388093
7,6.824841914758565,0.17515808524143495
5,5.344530774536196,-0.34453077453619585
7,6.764398778864859,0.23560122113514126
6,6.336696634682625,-0.33669663468262456
5,5.211907027265596,-0.21190702726559607
6,6.23860870539022,-0.23860870539022017
5,5.034825668443176,-0.03482566844317603
6,6.619273321338454,-0.6192733213384543
6,6.467789271245266,-0.46778927124526604
6,5.7291334036057435,0.2708665963942565
6,5.981728229740355,0.01827177025964488
5,5.65958034303037,-0.6595803430303704
5,5.613727218519017,-0.613727218519017
6,6.403707844088245,-0.40370784408824534
5,6.061709151134522,-1.0617091511345222
7,6.546728690581091,0.45327130941890914
5,5.217443441107889,-0.21744344110788916
6,5.564940547188058,0.4350594528119416
6,5.705369602499303,0.29463039750069697
5,5.920540701319624,-0.9205407013196236
6,6.103821674848746,-0.10382167484874572
5,5.229037479074435,-0.22903747907443517
5,5.753402407206465,-0.7534024072064653
8,6.654416709595438,1.3455832904045621
8,6.660621490033861,1.3393785099661386
6,7.283914156638588,-1.2839141566385877
4,5.295047644997396,-1.2950476449973962
5,5.005395136335125,-0.005395136335124562
7,6.364156843725453,0.6358431562745466
6,5.802688739780535,0.19731126021946466
6,6.303627798461719,-0.3036277984617186
6,5.862866361212241,0.13713363878775908
6,5.871600070227743,0.12839992977225734
3,5.903768291735503,-2.9037682917355028
6,6.444565435205334,-0.44456543520533387
7,5.774458020988817,1.225541979011183
6,6.060712973657758,-0.06071297365775763
6,6.775816152105506,-0.7758161521055058
6,5.328939469783137,0.6710605302168631
5,5.371183753005482,-0.37118375300548223
5,5.255967941877742,-0.2559679418777421
6,5.874855915911212,0.12514408408878808
5,5.1974355814063244,-0.19743558140632445
5,5.628684573024714,-0.6286845730247137
5,5.876099054735619,-0.8760990547356187
5,5.250340581165176,-0.250340581165176
6,6.282672548283216,-0.282672548283216
7,6.496054146652625,0.5039458533473749
5,4.944719857979294,0.05528014202070608
6,5.451586767818611,0.5484132321813888
6,5.7291334036057435,0.2708665963942565
6,6.060726420468882,-0.06072642046888177
6,6.422507579864913,-0.42250757986491294
5,5.95585830578986,-0.9558583057898602
6,5.791614381090568,0.20838561890943197
6,5.813322244265294,0.18667775573470635
4,5.492987443202026,-1.4929874432020256
7,6.1685640583390295,0.8314359416609705
7,6.195720984881177,0.8042790151188228
3,5.514115426890726,-2.5141154268907258
6,6.874354329416917,-0.8743543294169172
5,5.504972217395505,-0.5049722173955047
6,5.549228062808368,0.45077193719163233
6,6.492211875625117,-0.4922118756251166
6,6.116662174458128,-0.11666217445812777
8,6.539265623265152,1.4607343767348482
6,5.864760373123914,0.1352396268760856
5,4.921810111527293,0.07818988847270703
5,5.505377846072264,-0.505377846072264
8,5.986656336417838,2.0133436635821624
7,5.918994828226374,1.0810051717736258
5,5.590793949621599,-0.5907939496215988
6,5.406070301668024,0.5939296983319764
5,5.738984596699453,-0.7389845966994528
5,5.600674121295725,-0.6006741212957252
7,6.758660767152378,0.24133923284762204
5,5.556349236238162,-0.5563492362381623
7,6.318026771866869,0.6819732281331312
6,6.118399765524373,-0.11839976552437292
5,5.0958778871222705,-0.09587788712227052
5,5.7236494661405,-0.7236494661405004
7,6.302505097496521,0.6974949025034789
5,5.082652736956703,-0.08265273695670317
6,5.791499897616802,0.20850010238319783
6,5.807038254195362,0.19296174580463799
5,5.651792131864369,-0.6517921318643687
5,5.877898645208234,-0.8778986452082336
6,5.460524758292706,0.5394752417072937
5,5.6417045044476595,-0.6417045044476595
6,6.216697187222792,-0.21669718722279185
5,5.2765018003229045,-0.2765018003229045
5,5.245601094030263,-0.2456010940302633
6,5.269122218150557,0.7308777818494434
6,5.4482072512233515,0.5517927487766485
5,5.077731127069825,-0.07773112706982488
6,5.435343478876746,0.5646565211232542
7,6.131967727468066,0.8680322725319343
3,4.429953576828751,-1.4299535768287512
7,6.2216162545650775,0.7783837454349225
6,5.523279517604578,0.47672048239542164
6,5.429552544774879,0.5704474552251213
7,6.206783352339471,0.7932166476605289
6,4.971408553492267,1.0285914465077326
7,6.780533544529959,0.21946645547004096
7,6.375351614306936,0.6246483856930638
6,6.240503646284196,-0.2405036462841963
5,5.592570033079056,-0.5925700330790562
5,6.131887629505798,-1.1318876295057976
6,5.577170110051583,0.4228298899484173
5,5.547666698233513,-0.5476666982335132
8,6.115348309133168,1.884651690866832
6,5.254608675823931,0.7453913241760688
5,5.261505944132836,-0.26150594413283557
5,6.002209924515512,-1.0022099245155118
5,5.691943536382041,-0.6919435363820412
5,5.548957380095345,-0.5489573800953451
6,6.1327999022952895,-0.13279990229528948
4,6.025953048388686,-2.0259530483886863
5,5.844873763404962,-0.8448737634049621
6,5.323647268690053,0.6763527313099473
6,5.337744270222913,0.6622557297770868
5,5.5705118701000345,-0.5705118701000345
6,6.506197208354109,-0.5061972083541093
6,5.02738665231459,0.9726133476854102
6,4.98224611049497,1.0177538895050304
5,5.039728385835588,-0.03972838583558769
6,6.168513693702721,-0.16851369370272096
6,6.241951636729169,-0.2419516367291692
6,6.090336271472665,-0.09033627147266543
6,6.265314750110775,-0.2653147501107753
5,6.006500112277195,-1.0065001122771946
6,6.450755517430338,-0.4507555174303377
5,5.959451259563991,-0.9594512595639912
6,5.793339050390415,0.20666094960958503
7,6.3226938315877135,0.6773061684122865
7,6.584426844600273,0.41557315539972706
6,6.256282921273311,-0.25628292127331065
5,5.263827000641072,-0.2638270006410721
7,6.376163403166089,0.623836596833911
6,6.525994408604646,-0.525994408604646
6,6.394419963464912,-0.39441996346491237
6,6.431042109520519,-0.4310421095205186
6,5.789662008476853,0.21033799152314714
6,6.243441423369717,-0.24344142336971686
7,6.2213107772405465,0.7786892227594535
5,6.012952036640314,-1.0129520366403142
5,4.829067354819955,0.17093264518004503
6,4.8703002747610356,1.1296997252389644
6,5.813286982125987,0.18671301787401262
6,6.779892230936014,-0.7798922309360137
4,5.1717274407393745,-1.1717274407393745
5,4.993720235257285,0.006279764742714633
6,6.315041726031353,-0.31504172603135316
6,5.386396466951936,0.6136035330480638
6,5.521843877409054,0.47815612259094564
7,6.695713232077878,0.3042867679221217
6,6.483385642529726,-0.4833856425297256
6,5.767137081154004,0.23286291884599564
7,6.251436643855413,0.7485633561445866
7,5.5420222764558105,1.4579777235441895
6,6.553158639124831,-0.5531586391248311
5,5.649675158799056,-0.6496751587990559
6,5.279802218180578,0.7201977818194223
6,5.319801814227958,0.680198185772042
5,6.4628784575274665,-1.4628784575274665
6,5.78627652474006,0.21372347525993973
6,5.869045419955654,0.1309545800443459
5,5.536634867367809,-0.536634867367809
6,5.926882206641949,0.07311779335805113
6,5.696326145102404,0.30367385489759613
5,6.2408342934661505,-1.2408342934661505
8,6.0460644994392965,1.9539355005607035
6,5.749836209893857,0.25016379010614287
5,5.884557182785642,-0.8845571827856418
7,5.7364080270904765,1.2635919729095235
6,5.714068429723596,0.2859315702764036
